{"engineId":"8c47a3e0-33b2-4c5c-9fb2-fd1730099070","engineName":"US National Rankings","rdbmsId":"8417f867-2441-46fa-b3ae-806278c9388e","varstore":{},"frames":[{"file":"@BaseFolder@/db/@ENGINE@/version/8417f867-2441-46fa-b3ae-806278c9388e/FRAME.gz","meta":"@BaseFolder@/db/@ENGINE@/version/8417f867-2441-46fa-b3ae-806278c9388e/METADATA__FRAME.owl","state":null,"type":"prerna.ds.h2.H2Frame","name":"FRAME","keys":["$CUR_FRAME_KEY","FRAME"]}],"panels":[{"panelId":"0","panelLabel":null,"view":"visualization","viewOptions":null,"viewOptionsMap":{},"config":{},"ornaments":{},"events":{},"comments":{},"position":{},"filters":[],"order":[],"cbv":[]}],"tasks":{"tasks":[{"type":"basic","task":{"taskType":"basic","id":"task1","numCollected":500,"internalOffset":0,"taskOptions":"{\"options\":{\"0\":{\"layout\":\"Grid\",\"alignment\":{\"label\":[\"Description\",\"RANKINGS\",\"Undergrad_Enrollment\",\"Rank_1\",\"Tuition_and_fees\",\"In_state\",\"Name_1\",\"Location_1\"]}}},\"ornament\":false}","qs":{"qsType":"FRAME","frameName":"FRAME","isDistinct":true,"overrideImplicit":false,"limit":500,"offset":0,"relations":"[]","selectors":[{"type":"COLUMN","content":{"table":"Description","column":"PRIM_KEY_PLACEHOLDER","alias":"Description","tableAlias":null}},{"type":"COLUMN","content":{"table":"RANKINGS","column":"PRIM_KEY_PLACEHOLDER","alias":"RANKINGS","tableAlias":null}},{"type":"COLUMN","content":{"table":"Undergrad_Enrollment","column":"PRIM_KEY_PLACEHOLDER","alias":"Undergrad_Enrollment","tableAlias":null}},{"type":"COLUMN","content":{"table":"Rank_1","column":"PRIM_KEY_PLACEHOLDER","alias":"Rank_1","tableAlias":null}},{"type":"COLUMN","content":{"table":"Tuition_and_fees","column":"PRIM_KEY_PLACEHOLDER","alias":"Tuition_and_fees","tableAlias":null}},{"type":"COLUMN","content":{"table":"In_state","column":"PRIM_KEY_PLACEHOLDER","alias":"In_state","tableAlias":null}},{"type":"COLUMN","content":{"table":"Name_1","column":"PRIM_KEY_PLACEHOLDER","alias":"Name_1","tableAlias":null}},{"type":"COLUMN","content":{"table":"Location_1","column":"PRIM_KEY_PLACEHOLDER","alias":"Location_1","tableAlias":null}}]}}}],"taskCounter":2},"recipe":["AddPanel ( 0 ) ;","Panel ( 0 ) | SetPanelView ( \"visualization\" ) ;","CreateFrame ( grid ) .as ( [ FRAME ] ) ;","Database ( \"8c47a3e0-33b2-4c5c-9fb2-fd1730099070\" ) | Select ( RANKINGS__Description , RANKINGS , RANKINGS__Undergrad_Enrollment , RANKINGS__Rank_1 , RANKINGS__Tuition_and_fees , RANKINGS__In_state , RANKINGS__Name_1 , RANKINGS__Location_1 ) | Limit ( 500 ) | Import ( ) ;","Frame ( ) | Select ( Description , RANKINGS , Undergrad_Enrollment , Rank_1 , Tuition_and_fees , In_state , Name_1 , Location_1 ) | Format ( type = [ 'table' ] ) | TaskOptions ( { \"0\" : { \"layout\" : \"Grid\" , \"alignment\" : { \"label\" : [ \"Description\" , \"RANKINGS\" , \"Undergrad_Enrollment\" , \"Rank_1\" , \"Tuition_and_fees\" , \"In_state\" , \"Name_1\" , \"Location_1\" ] } } } ) | Collect ( 500 ) ;"]}